Motif,Ranking,Chain,Location
Kink-turn,1,0,77-82/92-100
Kink-turn,2,0,1211-1217/1146-1156
Kink-turn,3,0,936-941/1025-1034
Kink-turn,4,0,1338-1343/1311-1319
Kink-turn,5,0,1586-1593/1601-1609
Kink-turn,6,0,244-250/259-267
Kink-turn,7,0,2903-2906/2845-2855
C-loop,1,0,1436-1440/1424-1430
C-loop,2,0,2760-2764/2716-2722
C-loop,3,0,1939-1945/1892-1898
C-loop,4,0,1004-1009/957-964
Sarcin-ricin,1,0,211-215/225-228
Sarcin-ricin,2,0,1368-1372/2053-2056
Sarcin-ricin,3,0,2690-2694/2701-2704
Sarcin-ricin,4,9,76-80/102-105
Sarcin-ricin,5,0,461-466/475-478
Sarcin-ricin,6,0,380-383/406-408
Sarcin-ricin,7,0,951-955/1012-1016
Sarcin-ricin,8,0,173-177/159-162
Sarcin-ricin,9,0,2090-2094/2651-2654
Sarcin-ricin,10,0,1775-1779/1765-1768
Sarcin-ricin,11,0,1542-1545/1640-1643
Sarcin-ricin,12,0,585-590/568-572
Sarcin-ricin,13,0,355-360/292-296
Reverse kink-turn,1,0,1661-1666/1520-1530
Reverse kink-turn,2,0,1530-1536/1649-1661
E-loop,1,0,706-708/720-722
E-loop,2,0,1543-1545/1640-1642
E-loop,3,0,174-177/159-161
E-loop,4,0,663-666/680-683
E-loop,5,0,586-590/568-571
E-loop,6,0,356-360/292-295
E-loop,7,0,2691-2694/2701-2703
E-loop,8,0,1369-1372/2053-2055
E-loop,9,0,463-466/475-477
E-loop,10,0,380-383/406-408
